id,full_name,country,city,gender
1,Jimmy Howard,Philippines,Esperanza,M
2,Donna Diaz,Morocco,Tinghir,F
3,Matthew Wright,Russia,Zhireken,M
4,Jane Moore,Czech Republic,Sudoměřice,F
5,George Bell,China,Lian,M
6,Mildred Adams,South Africa,Ceres,F
7,Ashley Ortiz,Nigeria,Idanre,F
8,Aaron Hanson,Indonesia,Muaraenim,M
9,Arthur Andrews,Ukraine,Horodyshche,M
10,Lori Weaver,China,Fengmu,F
11,Chris Peters,Russia,Sovetskaya Gavan’,M
12,Charles Simmons,France,Paris La Défense,M
13,Rose Clark,Latvia,Smiltene,F
14,Cynthia Ruiz,Thailand,Khon San,F
15,Robin Lewis,Ecuador,Azogues,F
16,Pamela Bowman,Finland,Liperi,F
17,Clarence Daniels,China,Zhutian,M
18,Kathy Snyder,Kazakhstan,Novoishimskiy,F
19,Jesse Medina,Greece,Kampánis,M
20,Margaret Carpenter,Brazil,Osasco,F
21,Martha Mccoy,Honduras,El Lolo,F
22,Willie Perez,China,Gaoyi,M
23,William Chavez,Peru,Carhuamayo,M
24,Donna Freeman,Indonesia,Cibenda,F
25,Louis Rivera,Netherlands,Almere Haven,M
26,Rose Phillips,Ukraine,Makariv,F
27,Carol Olson,China,Wangqu,F
28,Jose Evans,Honduras,La Jutosa,M
29,Timothy Gordon,Comoros,Moutsamoudou,M
30,Andrea Little,Russia,Volgorechensk,F
31,Ann Ramirez,Poland,Kobylin,F
32,Joe Bell,Russia,Vysokovsk,M
33,Philip Grant,Poland,Ludwin,M
34,Angela Anderson,Kiribati,Betio Village,F
35,Diana Bennett,United States,Cincinnati,F
36,Thomas Medina,Greece,Samothráki,M
37,Howard Lynch,Indonesia,Prapen,M
38,Harold Pierce,Portugal,Meia Via,M
39,Beverly Reyes,China,Liancheng,F
40,Andrew Cunningham,Indonesia,Ketara,M
41,Ruby Robinson,Indonesia,Ambon,F
42,Amanda Thomas,China,Longtanhe,F
43,Helen Franklin,France,Vitry-le-François,F
44,George Hill,Croatia,Velika,M
45,Kelly Hunter,China,Youdunjie,F
46,Martha Watkins,China,Aoshi,F
47,Terry Moreno,Colombia,La Celia,M
48,Anthony Knight,Jordan,Al Jubayhah,M
49,James Reid,Philippines,San Jose,M
50,Joshua Mills,Russia,Privolzhskiy,M
51,Carlos Rivera,Poland,Twardogóra,M
52,Charles Coleman,China,Douba,M
53,Beverly Stanley,Norway,Tønsberg,F
54,Amanda Mills,Ukraine,Kyrylivka,F
55,Ryan Stewart,Indonesia,Sumberbening,M
56,Todd Evans,China,Shihuang,M
57,Kenneth Bryant,Panama,Aserrío de Gariché,M
58,Sarah Foster,China,Linglu,F
59,Robin Taylor,Indonesia,Dami,F
60,Martha Clark,Indonesia,Brangsi,F
61,Lori Stewart,Argentina,Cipolletti,F
62,Jacqueline Jacobs,Ukraine,Tsybli,F
63,Irene Stevens,Tajikistan,Danghara,F
64,Kevin Moreno,Bahamas,Spanish Wells,M
65,Elizabeth Wagner,China,Fengniancun,F
66,Pamela Fowler,Sweden,Tungelsta,F
67,Steve Kennedy,Brazil,União dos Palmares,M
68,Joshua Warren,China,Shinaihai,M
69,Carol Garza,Sweden,Stockholm,F
70,Adam Lopez,Argentina,Veinticinco de Mayo,M
71,Carl Cole,Greece,Néa Karváli,M
72,Wanda Bennett,China,Yangjiang,F
73,Amanda Ward,Portugal,Figueira,F
74,Justin Jackson,China,Sanya,M
75,Mary Meyer,Brazil,Itapagé,F
76,Joseph Diaz,Philippines,Umabay,M
77,Donna Wilson,China,Jinjiang,F
78,Bruce Hanson,Netherlands,Leeuwarden,M
79,Diane Oliver,United States,San Jose,F
80,Doris Garza,China,Tekes,F
81,Mark Mendoza,Russia,Danilov,M
82,Billy Tucker,Colombia,Dibulla,M
83,Deborah Ramos,China,Laoqiao,F
84,Doris Barnes,Sweden,Solna,F
85,Linda Richardson,North Korea,Hamhŭng,F
86,Janice Green,China,Bazhu,F
87,Kelly Mitchell,Germany,Aachen,F
88,Douglas Medina,Azerbaijan,Birinci Aşıqlı,M
89,Juan Burke,China,Taoyuan,M
90,Kathryn Grant,Russia,Dinskaya,F
91,Chris Sims,Indonesia,Ketanen,M
92,Linda Porter,Syria,Nubl,F
93,Kevin James,Portugal,Aveleda,M
94,Denise Brooks,Afghanistan,Qala i Naw,F
95,Emily Fisher,China,Nanning,F
96,Denise Burton,Brazil,Unaí,F
97,Marilyn Williams,Colombia,Honda,F
98,Richard Murray,Nigeria,Ohafia-Ifigh,M
99,Raymond Weaver,Philippines,Baro,M
100,Ryan Mendoza,China,Zhongyuanlu,M
101,Joshua Garcia,China,Huashan,M
102,Alan Jones,Czech Republic,Hodkovičky,M
103,Gary Reed,Pakistan,Ghauspur,M
104,Amanda Washington,Indonesia,Karangnongko,F
105,Craig Porter,Brazil,São Lourenço,M
106,Katherine Castillo,Russia,Isakly,F
107,Roy Carr,Russia,Zmiyëvka,M
108,Patricia Gray,Philippines,Bicos,F
109,Frank Hayes,Syria,Tasīl,M
110,Elizabeth Harrison,Sweden,Nyköping,F
111,Roy Thompson,Tunisia,Jammāl,M
112,Brian Hayes,Kosovo,Lluka e Eperme,M
113,Russell Riley,Indonesia,Ciperang,M
114,Betty Campbell,Japan,Akita,F
115,Helen Perkins,Brazil,São Miguel do Araguaia,F
116,Amanda Scott,Ecuador,Babahoyo,F
117,Howard Greene,Russia,Yelizavetinskaya,M
118,Jane Alexander,Indonesia,Kutapanjang,F
119,Andrea Gomez,Thailand,Taphan Hin,F
120,Timothy Ortiz,Czech Republic,Podivín,M
121,Lori Alexander,China,Zuogaiduoma,F
122,Elizabeth Nichols,Germany,Wiesbaden,F
123,Phyllis Meyer,Vietnam,Tam Kỳ,F
124,George Smith,Ukraine,Serednye Vodyane,M
125,Nicole Simmons,Libya,Marādah,F
126,Adam Daniels,Brazil,Dom Pedro,M
127,Lillian Knight,Indonesia,Potlot,F
128,Kathleen Andrews,Portugal,Figueira,F
129,Judith Jackson,Indonesia,Banyulegi,F
130,Ronald Jordan,China,Xianghua,M
131,Charles Andrews,Czech Republic,Sviadnov,M
132,Susan Palmer,Indonesia,Geneng Tengah,F
133,Jeremy Howell,Japan,Utsunomiya-shi,M
134,Timothy Stephens,Belarus,Khotsimsk,M
135,Dennis Lane,China,Nanzhihui,M
136,Susan Boyd,Pakistan,Basīrpur,F
137,Martha Banks,China,Nanyuan,F
138,Edward Richards,Tunisia,La Sebala du Mornag,M
139,David Berry,Mozambique,Pemba,M
140,Laura Mason,Dominican Republic,Constanza,F
141,Betty Williams,Cyprus,Meneou,F
142,Albert Carroll,France,Perpignan,M
143,Heather Lopez,Portugal,Verdizela,F
144,Harry Alvarez,China,Baojia,M
145,Dennis Price,Ukraine,Chornoliztsi,M
146,Dennis Murphy,Poland,Żurowa,M
147,Eric Duncan,Yemen,Sūq ar Rabū‘,M
148,Lois Watson,Afghanistan,Dū Laīnah,F
149,David Torres,Poland,Grzybowa Góra,M
150,Kevin Gonzalez,Peru,Salas,M
151,Scott Martinez,Vietnam,Yên Mỹ,M
152,Amanda Schmidt,Russia,Solomenskoye,F
153,Carol King,Philippines,Toong,F
154,Joseph Brown,Russia,Aleksandrovsk-Sakhalinskiy,M
155,Harold Morrison,Togo,Dapaong,M
156,Ashley Henry,China,Danyang,F
157,Carl Owens,Costa Rica,Bagaces,M
158,Rachel Olson,Peru,Cancas,F
159,Jane Holmes,Canada,Mont-Tremblant,F
160,Beverly Morales,Palestinian Territory,An Naşr,F
161,Joshua Wallace,Uganda,Kole,M
162,Chris Robertson,Greece,Yimnón,M
163,Debra Hunter,Indonesia,Kemuning,F
164,Patricia Stanley,Bosnia and Herzegovina,Starcevica,F
165,Benjamin Lawrence,Vietnam,Vĩnh Thuận,M
166,Christopher Johnson,Brazil,Juripiranga,M
167,Martha Kennedy,Indonesia,Paritjunus,F
168,Karen Alexander,China,Shuidong,F
169,Betty Carr,Senegal,Gandiaye,F
170,Susan Brown,Brazil,Taubaté,F
171,Beverly Cunningham,Indonesia,Rengat,F
172,Mildred Hudson,Brazil,Bauru,F
173,Steve Mitchell,Bangladesh,Char Bhadrāsan,M
174,James Gray,Indonesia,Kalianda,M
175,Ruby Gonzalez,Japan,Kakuda,F
176,Jean Morrison,Indonesia,Seteluk Tengah,F
177,Christopher Hunt,Mongolia,Bulgan,M
178,Peter Miller,Moldova,Hînceşti,M
179,Aaron Roberts,Gambia,Dankunku,M
180,Edward Freeman,Russia,Uyskoye,M
181,Theresa Gomez,Indonesia,Doibang,F
182,Jane Moreno,Greece,Mýki,F
183,Jeremy Gibson,Vietnam,Long Thành,M
184,Carol Cox,Latvia,Strenči,F
185,Albert Harper,Argentina,Tecka,M
186,Carolyn Gray,Indonesia,Krajan,F
187,Joseph Mendoza,China,Baojia,M
188,Arthur Austin,Colombia,Medellín,M
189,Evelyn Morales,Canada,Bécancour,F
190,Victor Brooks,China,Ekou,M
191,Sean Harris,Vietnam,Yên Bái,M
192,Jacqueline Boyd,Malawi,Mzuzu,F
193,Judith Castillo,United States,Washington,F
194,Robin Burton,Serbia,Novi Sad,F
195,Ryan Adams,Mexico,Las Americas,M
196,Benjamin Fernandez,Estonia,Rakvere,M
197,Richard Hayes,Sweden,Luleå,M
198,Jimmy Bennett,Bangladesh,Tāngāil,M
199,Lisa Ortiz,Brazil,Cruzeiro do Oeste,F
200,Teresa Ramos,China,Zhangdan,F
201,Pamela Harrison,Israel,‘Afula ‘Illit,F
202,Harry Simpson,United States,Santa Rosa,M
203,Diane Pierce,China,Hepingjie,F
204,Gary Fuller,Sweden,Luleå,M
205,Douglas Hall,Philippines,Capalonga,M
206,Stephanie Vasquez,Brazil,Jataí,F
207,Ann Watson,Honduras,Cololaca,F
208,Phyllis Kelley,Canada,Port-Cartier,F
209,Emily Riley,Bulgaria,Vratsa,F
210,Shawn White,Indonesia,Ngangguk,M
211,Bobby Martinez,Malawi,Liwonde,M
212,Kathleen Cunningham,Afghanistan,Farah,F
213,Janice Long,China,Yingpu,F
214,Russell Rivera,Bulgaria,Slavyanovo,M
215,Antonio Harvey,Vietnam,Đồng Mỏ,M
216,Paula Diaz,Indonesia,Sukarama,F
217,Teresa Matthews,Brazil,Jaboatão dos Guararapes,F
218,Andrew Bennett,Netherlands,Haarlem,M
219,Michelle Carr,Germany,Remscheid,F
220,Sharon Black,China,Fengzhou,F
221,Christopher Ramos,Indonesia,Baturaja,M
222,Juan Harrison,Albania,Vërtop,M
223,Jose Watkins,China,Daixi,M
224,Michelle Payne,Kenya,Londiani,F
225,Margaret Jordan,United States,New Orleans,F
226,Michelle Kim,China,Sijing,F
227,Roger Fields,Russia,Peski,M
228,Walter Gray,Paraguay,Mbocayaty,M
229,Rebecca Pierce,Finland,Kaavi,F
230,Anna Flores,Malaysia,Kuala Terengganu,F
231,Eric Dixon,Canada,Fredericton,M
232,Carl Bailey,Czech Republic,Hostomice,M
233,Marilyn Evans,Czech Republic,Nivnice,F
234,Phyllis Knight,Indonesia,Gunungpeundeuy,F
235,Michael Martinez,Albania,Libofshë,M
236,Beverly Franklin,Indonesia,Tanjungbahagia,F
237,Timothy Gilbert,Philippines,Sibucao,M
238,Ruby Armstrong,Kosovo,Lluka e Eperme,F
239,Gerald Gordon,Russia,Orlovo,M
240,Donald Hawkins,Poland,Łapanów,M
241,Ruth White,Thailand,Ban Chang,F
242,James Cruz,Russia,Mineralnye Vody,M
243,Howard Riley,Jamaica,Trinity Ville,M
244,Helen Barnes,China,Shentong,F
245,Kathleen Ruiz,Philippines,Jabonga,F
246,Carlos Thomas,Spain,Lugo,M
247,Daniel Howell,Philippines,Pansoy,M
248,Jeffrey Sanchez,Czech Republic,Sadská,M
249,Frances Rice,Russia,Podgornoye,F
250,Phillip Tucker,Yemen,Al Maḩfid,M
251,Frank Dean,Saudi Arabia,Ţubarjal,M
252,Tammy Johnson,Brazil,São José de Ribamar,F
253,Norma Frazier,China,Yonghe,F
254,Todd Mendoza,Kuwait,Al Jahrā’,M
255,Brandon Moreno,Cameroon,Kumba,M
256,Judy Greene,Russia,Saransk,F
257,Juan Payne,China,Huangsangkou,M
258,Frances Bell,Philippines,Cabucgayan,F
259,Ruby Parker,Brazil,São Roque,F
260,Jimmy Lee,Nigeria,Kwolla,M
261,Anthony Cruz,Philippines,Biao,M
262,Judy Graham,Honduras,Monterrey,F
263,Willie Ford,China,Rongxiang,M
264,Melissa Johnson,China,Xinhua,F
265,Amanda Spencer,Madagascar,Anjepy,F
266,Brandon Bell,Sweden,Skellefteå,M
267,Adam Jordan,Indonesia,Pangansalan,M
268,Albert Washington,Indonesia,Penebel,M
269,Ronald Fields,Japan,Anan,M
270,Carlos Knight,Indonesia,Negeriagung,M
271,Gerald Green,Portugal,Alvito de São Pedro,M
272,Kelly Sullivan,Russia,Staraya Mayna,F
273,Todd Kelly,Peru,Usicayos,M
274,Kelly Porter,China,Tanjiaqiao,F
275,Tammy Sanders,Philippines,Comagascas,F
276,Christina Graham,Guam,Chalan Pago-Ordot Village,F
277,Thomas James,China,Saparbay,M
278,Laura Jackson,Portugal,Santo Amaro,F
279,Stephanie Carter,Sweden,Lidköping,F
280,Joyce Lawrence,Brazil,Matelândia,F
281,Daniel Burke,China,Miaoling,M
282,Teresa Garza,Serbia,Smederevo,F
283,Ann Ryan,China,Dongqinggou,F
284,Lawrence Hart,China,Changning,M
285,Thomas Turner,Indonesia,Sumberkindagan,M
286,Christine Little,Indonesia,Kadubadak,F
287,Cheryl Medina,Netherlands,Etten-Leur,F
288,Craig Peters,Azerbaijan,Khodzhi-Gasan,M
289,Sara Duncan,Indonesia,Nyapar,F
290,Gary Murphy,Ukraine,Velyka Lepetykha,M
291,Alan Morrison,Bulgaria,Borino,M
292,Ann Hernandez,Afghanistan,Pas Pul,F
293,Jimmy Robinson,Poland,Izbicko,M
294,Joe Bennett,Austria,Klagenfurt am Wörthersee,M
295,Thomas Gutierrez,China,Handegate,M
296,Harold Gibson,France,Strasbourg,M
297,Stephanie Bradley,Indonesia,Ulee Gle,F
298,Harry Morales,Russia,Shedok,M
299,Juan Ferguson,Greece,Karditsomagoúla,M
300,Benjamin Morgan,Philippines,Tairan Camp,M
301,Rachel Reed,Kazakhstan,Georgīevka,F
302,Pamela Gray,Peru,Chicama,F
303,Terry Watkins,China,Nanchangshan,M
304,Andrew Davis,Myanmar,Mogok,M
305,Helen Martin,Vietnam,Hậu Nghĩa,F
306,Michelle Smith,Brazil,Paty do Alferes,F
307,Louis Mccoy,China,Zhaojia,M
308,Amy Price,Norway,Trondheim,F
309,Brandon Lawrence,Indonesia,Teminabuan,M
310,Frank Bowman,France,Blaye,M
311,Benjamin Lane,Indonesia,Gotputuk,M
312,Joseph Hicks,Poland,Kramsk,M
313,Kathy Patterson,China,Suqiaoxiang,F
314,Amy Vasquez,Guatemala,Salamá,F
315,Judith Little,China,Jiuxi,F
316,Randy Bishop,China,Yunxi,M
317,Timothy Vasquez,France,La Seyne-sur-Mer,M
318,Jason Walker,Colombia,Cocorná,M
319,Clarence Johnston,Argentina,Esquina,M
320,Katherine Jackson,Poland,Grębków,F
321,Matthew Williams,Colombia,Orito,M
322,Shirley Hughes,Brazil,Tupanciretã,F
323,Janice Reid,China,Luo’ao,F
324,Billy King,Russia,Shumikhinskiy,M
325,Joan Hansen,Russia,Visim,F
326,Jeffrey Henderson,Ukraine,Yakymivka,M
327,Peter Ellis,China,Luohuang,M
328,Keith Spencer,China,Huitang,M
329,Nancy Pierce,New Zealand,Levin,F
330,Kenneth Knight,Brazil,Pedro Leopoldo,M
331,Pamela Bell,Brazil,Freguesia do Ribeirao da Ilha,F
332,Joan Sanchez,China,Xinshancun,F
333,Jason Dixon,Colombia,Sabaneta,M
334,Sean Cooper,Iran,Nūr,M
335,Randy Johnson,Zambia,Livingstone,M
336,Mildred Henry,Indonesia,Samanggen,F
337,Harry Hayes,Brazil,Cabreúva,M
338,Dennis Owens,Russia,Novouzensk,M
339,Gregory Perry,China,Yuanyang,M
340,Steve Morris,Chile,Santa Cruz,M
341,Brandon Williamson,Philippines,Madamba,M
342,Thomas Welch,Norway,Oslo,M
343,Donna Peters,Philippines,La Carlota,F
344,Janet Alexander,Indonesia,Kalilu,F
345,Heather Carpenter,China,Qinglong,F
346,Dorothy Oliver,China,Qiubin,F
347,Betty Harris,Russia,Chusovoy,F
348,David Rice,Poland,Nekla,M
349,Doris Bishop,Poland,Komorniki,F
350,Gloria Warren,Ireland,Aghada,F
351,Diana King,Myanmar,Hakha,F
352,Walter Walker,Canada,Ladysmith,M
353,Teresa Wood,China,Kuangshan,F
354,Laura Gilbert,China,Dingbao,F
355,Steven Thompson,United States,Washington,M
356,Ralph Jenkins,Indonesia,Laleng,M
357,Christopher Cole,China,Yingtan,M
358,Anna Sanchez,Finland,Uurainen,F
359,Robin Cruz,Brazil,Nova Odessa,F
360,Janet Franklin,Indonesia,Boroko,F
361,Jack Watson,Belarus,Krasnaye,M
362,Paul Stevens,Netherlands,Nijmegen,M
363,Lois Lewis,Yemen,Sūq Şirwāḩ,F
364,Patricia Fox,Bosnia and Herzegovina,Janja,F
365,Kimberly Medina,China,Caijiazha,F
366,Patrick Stanley,China,Ertai,M
367,Steven Ramos,Indonesia,Batur Kidul,M
368,Dennis Bowman,China,Duogongma,M
369,Harry Stanley,United States,Naples,M
370,Beverly Andrews,Finland,Kristinestad,F
371,Sarah Bell,Czech Republic,Nedašov,F
372,Karen Daniels,Indonesia,Semanding,F
373,Eric Gutierrez,Germany,München,M
374,Jennifer Baker,Russia,Asino,F
375,Ryan Fuller,Central African Republic,Kembé,M
376,Jesse Crawford,Colombia,Moñitos,M
377,Rachel Reid,China,Lantian,F
378,Todd Hamilton,China,Donggaocun,M
379,Donald George,Syria,Az Ziyārah,M
380,Keith Ortiz,Philippines,Atipuluhan,M
381,Willie Hicks,China,Yankou,M
382,Richard Webb,Russia,Leninsk,M
383,Jennifer Kennedy,Lithuania,Seda,F
384,Shirley Romero,China,Leiguan,F
385,Robin Gomez,China,Jiling,F
386,Juan Oliver,Indonesia,Kadugadung,M
387,Russell Gomez,Poland,Bełsznica,M
388,Emily Moore,Indonesia,Jalanbaru,F
389,Steven Bennett,Philippines,Kauran,M
390,Harry Bishop,Japan,Obanazawa,M
391,Martin Long,Portugal,Aldeia da Bela Vista,M
392,Gerald Powell,Indonesia,Banjar Jambe Baleran,M
393,Kathryn Gardner,China,Dahuang,F
394,Brenda Burke,Spain,Murcia,F
395,Phyllis Long,China,Baiquan,F
396,Brian Williamson,Philippines,Kalbugan,M
397,Howard Carroll,Bulgaria,Dolna Banya,M
398,Anna Fuller,France,Troyes,F
399,Rachel Rose,France,Laval,F
400,Pamela Morgan,China,Jiangna,F
401,Diana Daniels,Uganda,Mpigi,F
402,James Gomez,Russia,Nuradilovo,M
403,Edward Dean,Peru,Ayabaca,M
404,Brenda Hunter,Indonesia,Panglanjan,F
405,Sara Perry,China,Maoping,F
406,Ruby Barnes,Thailand,Bang Pahan,F
407,Jason Stanley,Palestinian Territory,Al Mughayyir,M
408,Charles Willis,Ukraine,Pnikut,M
409,Mark Lynch,China,Hanjianglu,M
410,Adam Spencer,Sweden,Växjö,M
411,Christopher Ward,France,Albi,M
412,Laura Morgan,Sweden,Eksjö,F
413,Marie Hunt,China,Xindu,F
414,Pamela Howard,Thailand,Ban Dung,F
415,Sean Lawrence,Sweden,Västerås,M
416,Stephen Larson,Honduras,Potrerillos,M
417,Carol Hicks,China,Hulei,F
418,Wayne Hunt,China,Yong’an,M
419,Wayne Hansen,Netherlands,Haarlem,M
420,Clarence Martin,Indonesia,Pontang Tengah,M
421,Chris Holmes,Zambia,Mongu,M
422,Margaret Elliott,China,Beishidian,F
423,Martha Ortiz,Bulgaria,Loznitsa,F
424,Matthew Webb,Portugal,Caridade,M
425,Irene Peters,Japan,Yachimata,F
426,Carol Turner,Philippines,Digos,F
427,Jason Fields,Bulgaria,Karlovo,M
428,Michelle Fowler,Russia,Murom,F
429,Willie Cruz,Vietnam,Buôn Ma Thuột,M
430,Linda Lewis,China,Huoshaodian,F
431,Donna Gardner,Finland,Perniö,F
432,Raymond Morgan,Poland,Nowe Miasto,M
433,Clarence Young,France,Avallon,M
434,Kenneth King,Russia,Sergokala,M
435,Wayne Hansen,United States,Hyattsville,M
436,Amanda Sanchez,Poland,Rzepiennik Strzyżewski,F
437,Roger Freeman,Guatemala,San Juan Atitán,M
438,Victor King,Portugal,Souto,M
439,Dorothy Black,Indonesia,Taraju,F
440,Judith Hunter,United States,Pasadena,F
441,Mildred Griffin,Colombia,Sucre,F
442,Angela Harrison,France,Massy,F
443,Katherine Tucker,United States,Burbank,F
444,Emily Hart,China,Longgang,F
445,Ashley Coleman,China,Jubaoshan,F
446,Craig Green,China,Qizili,M
447,Dorothy Williamson,Indonesia,Noebana,F
448,Jessica Tucker,China,Shijiazhuang,F
449,Phillip Pierce,United States,Miami,M
450,Beverly Rivera,Brazil,Santa Rita,F
451,Stephen Rodriguez,China,Xinfeng,M
452,Jeffrey Bell,China,Ordos,M
453,Justin Long,Moldova,Sîngerei,M
454,Victor Bradley,China,Fukou,M
455,Daniel Kennedy,Argentina,San Agustín de Valle Fértil,M
456,Jessica Pierce,Peru,Caminaca,F
457,Donna Larson,Vanuatu,Port-Vila,F
458,Antonio Welch,Bangladesh,Dohār,M
459,Craig Bradley,Morocco,Tiflet,M
460,Roger Ray,Ireland,Newmarket on Fergus,M
461,Ruth Warren,Portugal,Ínfias,F
462,Arthur Hawkins,India,Agraharam,M
463,Kathy Knight,Brazil,Santarém,F
464,Gerald Franklin,Afghanistan,Fayzabad,M
465,Angela West,China,Fuliang,F
466,Catherine George,Gambia,Bakadagy,F
467,Earl Ortiz,Indonesia,Dampit Satu,M
468,Juan Wright,Portugal,Calvos,M
469,Brenda Palmer,Brazil,Boituva,F
470,Heather Garza,Philippines,Binubusan,F
471,Sean Wagner,China,Huangxikou,M
472,Phillip Hernandez,Poland,Fajsławice,M
473,Steven Cox,Poland,Lipnica Wielka,M
474,Cheryl Turner,China,Yushan,F
475,Joan Morales,China,Shuyuan,F
476,Steve Myers,China,Changsha,M
477,Debra Hunter,Ireland,Kingscourt,F
478,Albert Young,France,Saint-Maurice,M
479,Michael Anderson,China,Taihe,M
480,Teresa Palmer,Sweden,Enskede,F
481,Douglas Marshall,China,Tushi,M
482,Jason Hanson,Japan,Isesaki,M
483,Charles Lee,China,Guanghai,M
484,Joseph Rose,Colombia,San Carlos,M
485,Cynthia Turner,Peru,Santa,F
486,Douglas Henry,Sweden,Vänersborg,M
487,Virginia Burns,Brazil,Pombos,F
488,Beverly Banks,Syria,Souran,F
489,Kathy Rodriguez,China,Qiaotou,F
490,Andrea Kim,Sweden,Borlänge,F
491,Carol Fox,China,Tangchi,F
492,Edward Carroll,China,Tongzi,M
493,Rachel Coleman,Norway,Ålesund,F
494,Stephanie Garrett,Poland,Wodzisław Śląski,F
495,Ernest Ferguson,France,Charleville-Mézières,M
496,Clarence Fields,Indonesia,Lolak,M
497,Denise Kim,Malaysia,Johor Bahru,F
498,Deborah Spencer,Haiti,Ennery,F
499,Roger Fields,Israel,Bu‘eina,M
500,Jose Robinson,Thailand,Phu Kam Yao,M
501,Lori Riley,Zambia,Nchelenge,F
502,Jesse Weaver,Indonesia,Sukamulya,M
503,Randy Green,China,Hengdian,M
504,Willie Rose,Greece,Valsamáta,M
505,Kimberly Burns,Malawi,Luchenza,F
506,Elizabeth Gibson,Argentina,Lobos,F
507,Cheryl Williams,Brazil,Santa Cruz das Palmeiras,F
508,Angela Lawrence,Sweden,Moholm,F
509,Judith Hill,Brazil,Paulista,F
510,Louise Edwards,Sweden,Trollhättan,F
511,Alice Andrews,China,Tuhe,F
512,Irene Hicks,China,Huoxian,F
513,Antonio Little,Russia,Sokolovyy,M
514,Jason Gardner,China,Laojun,M
515,Bobby Burns,Brazil,Mutum,M
516,Annie Duncan,Ukraine,Stetseva,F
517,Jean Edwards,Macedonia,Šuto Orizare,F
518,Evelyn Hayes,Indonesia,Weton,F
519,Joshua Greene,Sweden,Jönköping,M
520,Ralph Torres,Thailand,Phra Phutthabat,M
521,Kelly Murphy,Indonesia,Wairiang,F
522,Marilyn Foster,Bosnia and Herzegovina,Donji Vakuf,F
523,Alan Gonzalez,Tanzania,Mtwara,M
524,Harold Moreno,Philippines,Bairan,M
525,Sean Stone,Thailand,Samut Sakhon,M
526,Steven Washington,Brazil,Videira,M
527,Chris Miller,Indonesia,Munse,M
528,Deborah Hernandez,China,Wanying,F
529,Gerald Wallace,China,Nanyang,M
530,Ruth Ferguson,Micronesia,Tamatam,F
531,Betty Banks,Russia,Nizhniy Tagil,F
532,Jose Graham,China,Shiniujiang,M
533,Joyce Dunn,Botswana,Kang,F
534,Mildred Warren,China,Xihuachi,F
535,Charles Watkins,Cambodia,Kampong Cham,M
536,Joe Ray,Czech Republic,Jesenice,M
537,Sarah Burton,China,Juzhen,F
538,Carol Carter,Ukraine,Sarata,F
539,Amanda Gonzales,Indonesia,Karangsari,F
540,Betty Howard,Germany,Dresden,F
541,Theresa Bell,Indonesia,Pangawaren,F
542,Cynthia Arnold,Costa Rica,Escazú,F
543,Christopher Rogers,Ireland,Balrothery,M
544,Rose Perkins,France,Sens,F
545,Michael Barnes,Philippines,Tomingad,M
546,Evelyn Gutierrez,Netherlands,Arnhem,F
547,Brian Miller,Japan,Kasugai,M
548,Lawrence Garza,Guatemala,Yepocapa,M
549,Walter Stanley,Pakistan,Alīpur,M
550,Nicholas Wheeler,Argentina,Neuquén,M
551,Eugene Rogers,Brazil,Nerópolis,M
552,Maria Rogers,Indonesia,Gelap,F
553,Laura Sanders,Bulgaria,Chirpan,F
554,Adam Jones,New Zealand,Taradale,M
555,Eugene Marshall,Australia,Sydney,M
556,Bruce Burke,China,Magutian,M
557,Edward Hill,Poland,Stare Kurowo,M
558,Matthew Mccoy,Russia,Nyrob,M
559,Matthew Howard,Vietnam,Trần Văn Thời,M
560,Robin Kennedy,Canada,Smoky Lake,F
561,Alice Wagner,Armenia,Bambakashat,F
562,Antonio Woods,Djibouti,Ali Sabieh,M
563,Christine Ortiz,Indonesia,Camplong,F
564,Russell Reyes,Albania,Fushë-Bulqizë,M
565,Kenneth Wilson,Russia,Kerva,M
566,Bonnie Baker,Japan,Yoshida-kasugachō,F
567,Ernest Larson,Canada,Amherstburg,M
568,Steve Gilbert,Germany,Berlin,M
569,Lois Burns,South Africa,Villiers,F
570,Katherine Barnes,France,Perpignan,F
571,Irene Perkins,Czech Republic,Kvasiny,F
572,Samuel Lynch,Russia,Sigayevo,M
573,Jack Fernandez,France,Cergy-Pontoise,M
574,Mark Wheeler,China,Sishiba,M
575,Earl Williams,China,Binzhou,M
576,Linda Simmons,Brazil,Taquara,F
577,Cheryl Hill,China,Qiandeng,F
578,Norma Knight,Russia,Donetsk,F
579,Richard Arnold,Brazil,Araguaiana,M
580,Laura Burton,South Korea,Sogcho,F
581,Martha Warren,China,Zhangdun,F
582,Kathryn Clark,Poland,Sława,F
583,Stephen Larson,Portugal,Passos,M
584,Kathryn Armstrong,Germany,Stuttgart,F
585,Jessica Daniels,Iceland,Sandgerði,F
586,Wanda Rose,Japan,Date,F
587,Mary Fuller,Uzbekistan,Denov,F
588,Jason Ramirez,Canada,Montréal-Ouest,M
589,Cynthia Franklin,Indonesia,Cimuncang,F
590,Betty Butler,Indonesia,Tanakbeak Daye,F
591,Eugene Martin,China,Lingkou,M
592,Irene Rogers,Russia,Grebnevo,F
593,Joe Little,Indonesia,Pugeran,M
594,George King,France,Metz,M
595,Susan Foster,Indonesia,Cinunjang,F
596,Heather Nichols,New Zealand,Rothesay Bay,F
597,Sandra Simmons,Thailand,Taphan Hin,F
598,Carlos Murphy,Nigeria,Madala,M
599,Jimmy Fields,Poland,Niedrzwica Duża,M
600,Roger Wheeler,Cyprus,Dhali,M
601,Daniel Fernandez,China,Gengqing,M
602,Ruth Montgomery,Russia,Maykor,F
603,Kimberly Brooks,Spain,Fuenlabrada,F
604,Fred Little,Czech Republic,Malé Svatoňovice,M
605,Kathryn Marshall,Indonesia,Cibangban Girang,F
606,Kelly Franklin,Sweden,Nässjö,F
607,Tina Romero,Indonesia,Juwana,F
608,Keith Lawson,Philippines,Mabiton,M
609,Stephanie Wright,Philippines,Pato-o,F
610,Annie Simmons,Russia,Rostokino,F
611,Matthew Hudson,France,Rambouillet,M
612,Bonnie Fowler,China,Shanshi,F
613,Jose Jordan,Poland,Świeradów-Zdrój,M
614,Roy Ford,Portugal,Sá,M
615,Lillian Morris,Russia,Muchkapskiy,F
616,Samuel Coleman,Tanzania,Lindi,M
617,Rachel Cunningham,Syria,Ḩarf al Musaytirah,F
618,Wanda Williamson,China,Sanyang,F
619,Diane Campbell,Namibia,Gobabis,F
620,Karen Sanders,Honduras,Nombre de Jesús,F
621,Ann Edwards,Moldova,Ciorescu,F
622,Marilyn Young,Canada,Dalmeny,F
623,Janice Austin,Thailand,Sadao,F
624,Craig Hunter,Portugal,Sebadelhe,M
625,Susan Cooper,Mexico,Buenavista,F
626,Gregory Stephens,Albania,Armen,M
627,Phillip Campbell,Portugal,Miragaia,M
628,Helen Cooper,Indonesia,Ketapang,F
629,Arthur Hunter,China,Yiliu,M
630,Andrea Bowman,Japan,Yao,F
631,Jonathan Wood,Honduras,San Ignacio,M
632,Fred Fisher,China,Dafang,M
633,Martha Hayes,Bangladesh,Maulavi Bāzār,F
634,Diana Murphy,Indonesia,Fatufeto,F
635,Keith James,Azerbaijan,Şuraabad,M
636,Andrea Ramos,Jordan,Aţ Ţafīlah,F
637,Kenneth Henry,Ecuador,Cube,M
638,Diane Dunn,Mali,Niafunké,F
639,Chris Kelley,Japan,Ojiya,M
640,Evelyn Young,Russia,Dzhubga,F
641,Gerald Lee,China,Dazhigu,M
642,John Ramos,Saint Kitts and Nevis,Cotton Ground,M
643,Sean Nguyen,Greece,Áyioi Apóstoloi,M
644,Sharon Rodriguez,Ukraine,Lypova Dolyna,F
645,Lillian Harrison,Portugal,Finzes,F
646,Brian Berry,Macedonia,Ilinden,M
647,Adam Schmidt,Greece,Nerokoúros,M
648,Frances Gomez,Peru,Arenal,F
649,Marilyn Stewart,China,Alakak,F
650,Janet Morales,Argentina,General Cabrera,F
651,Douglas Burns,China,Zhonghe,M
652,Denise Riley,Philippines,Bolinao,F
653,Brenda Hart,United States,Atlanta,F
654,Louise Barnes,Honduras,Dulce Nombre de Culmí,F
655,Betty Cook,Jamaica,Lionel Town,F
656,Joyce Torres,Russia,Kenzhe,F
657,Johnny Ruiz,Portugal,Vale de Figueira,M
658,Jose Sims,Indonesia,Bogorejo,M
659,Martin Young,Peru,Rosaspata,M
660,Amy Kelly,Philippines,Sagbayan,F
661,Andrew Carroll,Brazil,Itaporanga,M
662,Diane Robinson,South Korea,Kyosai,F
663,Phyllis Taylor,Colombia,Samacá,F
664,Sara Scott,China,Jingjiao,F
665,Terry Lewis,China,Tieba,M
666,Louis Mendoza,Azerbaijan,Qusar,M
667,Randy Ross,Norway,Trondheim,M
668,Jeremy Hudson,Sierra Leone,Blama,M
669,Phyllis Clark,Democratic Republic of the Congo,Boende,F
670,Carlos Hernandez,Tunisia,Majāz al Bāb,M
671,Linda Romero,France,Poitiers,F
672,Lori Hunt,Russia,Georgiyevskaya,F
673,Anne Kennedy,Peru,La Breita,F
674,Andrew Cook,China,Maofan,M
675,Cynthia Bradley,Indonesia,Cikuya,F
676,Thomas Morrison,Samoa,Mulifanua,M
677,Clarence Ramos,Poland,Łętownia,M
678,Donald Reid,Greece,Avlónas,M
679,Joshua Carter,China,Baiba,M
680,Cheryl Elliott,Indonesia,Bedayutalang,F
681,Louis Alvarez,Bolivia,Camargo,M
682,Julia Stephens,Russia,Urazovka,F
683,Susan Hughes,Indonesia,Kapuan,F
684,Mildred Morris,Philippines,Bago City,F
685,Kimberly Burton,China,Daji,F
686,Debra Walker,China,Heshengbao,F
687,Jesse Jordan,Russia,Il’skiy,M
688,Christine Cole,China,Hetian,F
689,Denise Hicks,Poland,Regimin,F
690,Samuel Reed,South Korea,Yangsan,M
691,Anne Campbell,Poland,Czarnożyły,F
692,Rachel Burton,China,Sanqu,F
693,Shirley Gibson,Egypt,Zagazig,F
694,Susan Cook,Sweden,Storuman,F
695,Sarah Edwards,Venezuela,Puerto Ayacucho,F
696,Larry Ryan,Brazil,Itaperuçu,M
697,Adam Miller,Brazil,Coruripe,M
698,Rebecca Reyes,Indonesia,Sukarama,F
699,Jerry Carter,United States,Houston,M
700,Victor Lynch,Slovenia,Mežica,M
701,Russell Lopez,Indonesia,Jatinagara,M
702,Alan Young,Russia,Stodolishche,M
703,Marie Riley,Ukraine,Bilshivtsi,F
704,Helen Jordan,United States,Washington,F
705,Amanda Fox,Belarus,Hotsk,F
706,Carl Mitchell,Indonesia,Sekongkang Bawah,M
707,Jerry Evans,Philippines,Malamig,M
708,Anthony Snyder,Indonesia,Pancanagara,M
709,Deborah Johnson,Indonesia,Kelungkung,F
710,Arthur Dunn,Syria,Ḩarf al Musaytirah,M
711,Rebecca Edwards,China,Laojunmiao,F
712,Wayne Morgan,Mexico,Lagunillas,M
713,Sara Stephens,Philippines,Tabalong,F
714,Jane Carr,Sweden,Stockholm,F
715,Catherine Patterson,Brazil,Barra do Bugres,F
716,Beverly Jacobs,Poland,Skórzec,F
717,Joseph Meyer,Cuba,Guantánamo,M
718,Jacqueline Fox,Ukraine,Kherson,F
719,Todd Chavez,Indonesia,Cipinang,M
720,Kathy Lewis,Honduras,La Sabana,F
721,Phyllis Hall,Finland,Nickby,F
722,Norma Baker,Burundi,Muyinga,F
723,Michael Schmidt,Poland,Łękawica,M
724,Frank Jackson,Libya,Brak,M
725,Harold Kennedy,Malaysia,Kota Bharu,M
726,Patrick Carter,China,Jiuhe,M
727,Kevin Dixon,Indonesia,Tanjungbahagia,M
728,Scott Murray,Honduras,Las Vegas,M
729,William Bryant,Brazil,Cachoeiro de Itapemirim,M
730,Brian Wilson,Indonesia,Cileuya,M
731,Billy Mitchell,China,Cicheng,M
732,Walter Fields,Greece,Sísion,M
733,Tina Lee,France,Rennes,F
734,Albert Wilson,France,Vesoul,M
735,Nicholas Price,Russia,Vysokogornyy,M
736,Julie Sullivan,China,Jiangkouxu,F
737,Keith Palmer,Indonesia,Tumu,M
738,Benjamin Ramirez,Russia,Krasnyy Yar,M
739,Peter Fields,South Korea,Yeosu,M
740,James Kelly,Azerbaijan,Hacı Zeynalabdin,M
741,Janet Frazier,Canada,Kugluktuk,F
742,Jose Rogers,Saudi Arabia,Al Jarādīyah,M
743,Gloria Brown,Albania,Xibër-Murrizë,F
744,Lawrence Mcdonald,Peru,Concordia,M
745,Wayne Snyder,Indonesia,Bader,M
746,Jimmy Moore,Brazil,Mogi das Cruzes,M
747,Billy Davis,China,Qingfa,M
748,Mildred Jenkins,Poland,Żurowa,F
749,Denise Rivera,Peru,Mangas,F
750,Melissa Holmes,Lithuania,Kuršėnai,F
751,Sean Hawkins,Indonesia,Kolaka,M
752,Christopher Wood,Philippines,Alilem,M
753,Ashley Marshall,Germany,Frankfurt am Main,F
754,Laura Ferguson,United States,Las Vegas,F
755,Jacqueline Campbell,Zimbabwe,Mvuma,F
756,Robin Fox,China,Liuji,F
757,Jonathan Bailey,China,Yangshan,M
758,Elizabeth Hernandez,China,Yanliang,F
759,Craig Taylor,Poland,Leśna Podlaska,M
760,Ann Boyd,Poland,Tymbark,F
761,Irene Wright,Indonesia,Hegarmulya,F
762,Carl Harper,United States,San Jose,M
763,Norma Snyder,China,Jianshe,F
764,Kenneth Fox,Russia,Kotlovka,M
765,Diana Perkins,United States,Chicago,F
766,Lois Reyes,Argentina,Cinco Saltos,F
767,Thomas Scott,Mexico,Vista Hermosa,M
768,Raymond Dean,Mexico,Benito Juarez,M
769,Christopher George,Mexico,Santa Maria,M
770,Jennifer Oliver,Indonesia,Garahaji,F
771,George Adams,Philippines,Pansoy,M
772,Terry Sanders,Czech Republic,Nedakonice,M
773,Gerald Clark,Sierra Leone,Freetown,M
774,Shirley Washington,China,Xiaopu,F
775,Paula Ellis,Portugal,Luso,F
776,Mark Rice,Brazil,Cambé,M
777,Wanda Ryan,Philippines,Cabugao,F
778,Ralph Russell,Russia,Novomoskovsk,M
779,Ann Price,Indonesia,Sedayu,F
780,Ernest Brown,Japan,Kajiki,M
781,Jane Gutierrez,United States,Des Moines,F
782,Stephen Kelly,Indonesia,Lebak,M
783,Doris Davis,Russia,Novosineglazovskiy,F
784,Heather Bradley,Andorra,Canillo,F
785,Kathleen Moreno,Russia,Medvedovskaya,F
786,Annie Davis,Finland,Taivalkoski,F
787,Jerry Garrett,China,Changtu,M
788,Annie Bryant,Venezuela,Chaguaramas,F
789,Joyce Wright,Pakistan,Hangu,F
790,Janet Cruz,Thailand,Khong Chai,F
791,Bonnie Spencer,Thailand,Hua Hin,F
792,Shirley Castillo,Argentina,Río Gallegos,F
793,Albert Kelly,China,Changqiao,M
794,Barbara Ortiz,Indonesia,Gesik,F
795,Kimberly Foster,Colombia,Puerto Santander,F
796,Joshua Bell,China,Xinglongquan,M
797,Henry Burns,Colombia,Montenegro,M
798,Christine Ferguson,Finland,Savonlinna,F
799,Craig Day,Philippines,Cotmon,M
800,James Kelley,Portugal,São Brás de Alportel,M
801,Howard Carroll,China,Longsheng,M
802,Diane Morales,Kiribati,Betio Village,F
803,Anne Franklin,Saudi Arabia,Julayjilah,F
804,Thomas Kennedy,China,Nanyaojie,M
805,Victor Moore,Jamaica,Yallahs,M
806,Joseph Hill,France,Fleury-les-Aubrais,M
807,Daniel Larson,Indonesia,Feuknoni,M
808,Judy King,China,Zhaogezhuang,F
809,Robert Gonzalez,China,Tangcun,M
810,Thomas Martin,Indonesia,Kemil,M
811,Gloria Gray,Indonesia,Rawuk,F
812,Kathleen Welch,Russia,Novomyshastovskaya,F
813,Sandra Lynch,Russia,Kushelevka,F
814,Matthew Martin,Philippines,Naghalin,M
815,Johnny Barnes,Colombia,Montenegro,M
816,Raymond Hanson,Belarus,Hal’shany,M
817,Gregory Richards,Indonesia,Purworejo,M
818,Carlos Little,Russia,Donskoy,M
819,Jose Willis,Indonesia,Cerenti,M
820,Carlos Matthews,China,Xianxi,M
821,Ashley Cunningham,Russia,Novaya Derevnya,F
822,Jose Dixon,Bangladesh,Shāhzādpur,M
823,Phillip Freeman,Malaysia,Melaka,M
824,Ann Frazier,Colombia,Riosucio,F
825,Deborah Rodriguez,Poland,Warlubie,F
826,Henry Morrison,Indonesia,Parengan,M
827,Martha Adams,Chile,Lota,F
828,Ann Welch,Uruguay,Juan L. Lacaze,F
829,Judy Montgomery,Australia,Strawberry Hills,F
830,Elizabeth Andrews,Portugal,Montalvão,F
831,Raymond Sanchez,Uganda,Kajansi,M
832,Adam Simpson,China,Xinglong,M
833,Stephen Porter,Palestinian Territory,Usarin,M
834,Wanda Harris,Ukraine,Berestechko,F
835,Doris Schmidt,Uganda,Kaberamaido,F
836,Annie Baker,Israel,Sājūr,F
837,Nicholas Castillo,China,Macha,M
838,Elizabeth Lynch,Indonesia,Kalapagada,F
839,Rose Hart,Serbia,Kruševac,F
840,Diana Vasquez,Indonesia,Sukadana,F
841,Mark Andrews,Honduras,Marcovia,M
842,Marie Anderson,Bosnia and Herzegovina,Podhum,F
843,Philip Morrison,El Salvador,Quezaltepeque,M
844,Kimberly Washington,Vietnam,Lũng Hồ,F
845,Frank Gardner,Azerbaijan,Şirvan,M
846,Christine Owens,Philippines,San Basilio,F
847,Kelly Parker,China,Hongtian,F
848,Linda Garcia,China,Gongchenqiao,F
849,Matthew Mcdonald,Philippines,Magsalangi,M
850,Helen Peterson,Indonesia,Sukamenak,F
851,Lillian Mcdonald,Nepal,Malangwa,F
852,Alice Howard,Netherlands,Leeuwarden,F
853,Andrea Allen,Indonesia,Mlawe,F
854,Keith Nguyen,China,Taipingchuan,M
855,Nancy Simmons,China,Nanlin,F
856,Dennis Cunningham,Canada,Clarence-Rockland,M
857,Stephanie Jordan,China,Shadili,F
858,Kelly Hudson,Indonesia,Puncakbaru,F
859,Harold Banks,China,Siqu,M
860,Marilyn Davis,New Zealand,Manukau City,F
861,Jose Dixon,Croatia,Belica,M
862,Theresa Romero,Costa Rica,San Vicente de Moravia,F
863,Willie Olson,Brazil,Irati,M
864,Angela Kelley,Canada,Baie-DUrfé,F
865,Juan Rose,Chile,El Monte,M
866,Todd Wheeler,Tanzania,Uyovu,M
867,Douglas Taylor,Canada,Laval,M
868,Janet Wallace,Portugal,Santa Cruz do Bispo,F
869,Aaron Spencer,Poland,Tyszowce,M
870,Carolyn Thomas,United States,Amarillo,F
871,Pamela Nguyen,Argentina,Rufino,F
872,John Mason,China,Motge,M
873,Andrea Bennett,China,Dawu,F
874,Bobby Perkins,Philippines,Kiupo,M
875,Donna Clark,Philippines,Taytayan,F
876,Tammy Ward,Philippines,Lunen,F
877,Jonathan Russell,China,Dangshun,M
878,Gregory Stanley,China,Shixi,M
879,Chris Berry,United States,Madison,M
880,Jesse Walker,Russia,Kyzyl,M
881,Steven Bell,Indonesia,Maubasa,M
882,Earl Elliott,Japan,Asahi,M
883,Alice Lane,Libya,Şabrātah,F
884,Alan Hayes,Vietnam,Ðà Lạt,M
885,Michael Garcia,Russia,Ramon’,M
886,Jesse Brooks,Namibia,Khorixas,M
887,Robin Stewart,Portugal,Bemposta,F
888,Steve Fields,Russia,Khasavyurt,M
889,Samuel Meyer,Philippines,Basey,M
890,Debra Wheeler,Philippines,Buliwao,F
891,Jessica West,France,Lyon,F
892,Jack Dunn,Philippines,Paitan Este,M
893,Cynthia Myers,China,Huangbao,F
894,Christina Cruz,China,Hengjie,F
895,Katherine Miller,Indonesia,Padangbai,F
896,Chris Bell,Kazakhstan,Aksu,M
897,Philip Scott,Philippines,Kapatagan,M
898,Doris George,China,Chengkou,F
899,Billy Reyes,Cuba,Nuevitas,M
900,Willie Johnson,Nigeria,Ibeto,M
